source,target,type
S1001,Note_ED_S1001_1,HAS_NOTE
S1001,Note_ED_S1001_2,HAS_NOTE
S1001,Note_ED_S1001_3,HAS_NOTE
S1001,Note_ED_S1001_4,HAS_NOTE
S1001,Note_ED_S1001_5,HAS_NOTE
S1001,Note_ED_S1001_6,HAS_NOTE
S1001,Note_ED_S1001_7,HAS_NOTE
S1001,Note_ED_S1001_8,HAS_NOTE
S1001,Note_ED_S1001_9,HAS_NOTE
S1001,Note_ED_S1001_10,HAS_NOTE
S1001,Note_ED_S1001_11,HAS_NOTE
S1001,Note_ED_S1001_12,HAS_NOTE
S1001,Note_ED_S1001_13,HAS_NOTE
S1001,Note_ED_S1001_14,HAS_NOTE
S1001,Note_ED_S1001_15,HAS_NOTE
S1001,Note_ED_S1001_16,HAS_NOTE
S1001,Note_ED_S1001_17,HAS_NOTE
S1001,Note_ED_S1001_18,HAS_NOTE
S1001,Note_ED_S1001_19,HAS_NOTE
S1001,Note_ED_S1001_20,HAS_NOTE
S1001,Note_ED_S1001_21,HAS_NOTE
S1001,Note_ED_S1001_22,HAS_NOTE
S1001,Note_ED_S1001_23,HAS_NOTE
S1001,Note_ED_S1001_24,HAS_NOTE
S1001,Note_ED_S1001_25,HAS_NOTE
S1001,Note_DS_S1001_1,HAS_NOTE
S1001,Note_DS_S1001_2,HAS_NOTE
S1001,Note_DS_S1001_3,HAS_NOTE
S1001,Note_DS_S1001_4,HAS_NOTE
S1001,Note_DS_S1001_5,HAS_NOTE
S1001,Note_DS_S1001_6,HAS_NOTE
S1001,Note_DS_S1001_7,HAS_NOTE
S1001,Note_DS_S1001_8,HAS_NOTE
S1001,Note_DS_S1001_9,HAS_NOTE
S1001,Note_DS_S1001_10,HAS_NOTE
S1001,Note_DS_S1001_11,HAS_NOTE
S1001,Note_DS_S1001_12,HAS_NOTE
S1001,Note_DS_S1001_13,HAS_NOTE
S1001,Note_DS_S1001_14,HAS_NOTE
S1001,Note_DS_S1001_15,HAS_NOTE
S1001,Note_DS_S1001_16,HAS_NOTE
S1001,Note_DS_S1001_17,HAS_NOTE
S1001,Note_DS_S1001_18,HAS_NOTE
S1001,Note_DS_S1001_19,HAS_NOTE
S1001,Note_DS_S1001_20,HAS_NOTE
S1001,Note_DS_S1001_21,HAS_NOTE
S1001,Note_DS_S1001_22,HAS_NOTE
S1001,Note_DS_S1001_23,HAS_NOTE
S1001,Note_DS_S1001_24,HAS_NOTE
S1001,Note_DS_S1001_25,HAS_NOTE
S1002,Note_ED_S1002_1,HAS_NOTE
S1002,Note_ED_S1002_2,HAS_NOTE
S1002,Note_ED_S1002_3,HAS_NOTE
S1002,Note_ED_S1002_4,HAS_NOTE
S1002,Note_ED_S1002_5,HAS_NOTE
S1002,Note_ED_S1002_6,HAS_NOTE
S1002,Note_ED_S1002_7,HAS_NOTE
S1002,Note_ED_S1002_8,HAS_NOTE
S1002,Note_ED_S1002_9,HAS_NOTE
S1002,Note_ED_S1002_10,HAS_NOTE
S1002,Note_ED_S1002_11,HAS_NOTE
S1002,Note_ED_S1002_12,HAS_NOTE
S1002,Note_ED_S1002_13,HAS_NOTE
S1002,Note_ED_S1002_14,HAS_NOTE
S1002,Note_ED_S1002_15,HAS_NOTE
S1002,Note_ED_S1002_16,HAS_NOTE
S1002,Note_ED_S1002_17,HAS_NOTE
S1002,Note_ED_S1002_18,HAS_NOTE
S1002,Note_ED_S1002_19,HAS_NOTE
S1002,Note_ED_S1002_20,HAS_NOTE
S1002,Note_ED_S1002_21,HAS_NOTE
S1002,Note_ED_S1002_22,HAS_NOTE
S1002,Note_ED_S1002_23,HAS_NOTE
S1002,Note_ED_S1002_24,HAS_NOTE
S1002,Note_ED_S1002_25,HAS_NOTE
S1002,Note_DS_S1002_1,HAS_NOTE
S1002,Note_DS_S1002_2,HAS_NOTE
S1002,Note_DS_S1002_3,HAS_NOTE
S1002,Note_DS_S1002_4,HAS_NOTE
S1002,Note_DS_S1002_5,HAS_NOTE
S1002,Note_DS_S1002_6,HAS_NOTE
S1002,Note_DS_S1002_7,HAS_NOTE
S1002,Note_DS_S1002_8,HAS_NOTE
S1002,Note_DS_S1002_9,HAS_NOTE
S1002,Note_DS_S1002_10,HAS_NOTE
S1002,Note_DS_S1002_11,HAS_NOTE
S1002,Note_DS_S1002_12,HAS_NOTE
S1002,Note_DS_S1002_13,HAS_NOTE
S1002,Note_DS_S1002_14,HAS_NOTE
S1002,Note_DS_S1002_15,HAS_NOTE
S1002,Note_DS_S1002_16,HAS_NOTE
S1002,Note_DS_S1002_17,HAS_NOTE
S1002,Note_DS_S1002_18,HAS_NOTE
S1002,Note_DS_S1002_19,HAS_NOTE
S1002,Note_DS_S1002_20,HAS_NOTE
S1002,Note_DS_S1002_21,HAS_NOTE
S1002,Note_DS_S1002_22,HAS_NOTE
S1002,Note_DS_S1002_23,HAS_NOTE
S1002,Note_DS_S1002_24,HAS_NOTE
S1002,Note_DS_S1002_25,HAS_NOTE
S1003,Note_ED_S1003_1,HAS_NOTE
S1003,Note_ED_S1003_2,HAS_NOTE
S1003,Note_ED_S1003_3,HAS_NOTE
S1003,Note_ED_S1003_4,HAS_NOTE
S1003,Note_ED_S1003_5,HAS_NOTE
S1003,Note_ED_S1003_6,HAS_NOTE
S1003,Note_ED_S1003_7,HAS_NOTE
S1003,Note_ED_S1003_8,HAS_NOTE
S1003,Note_ED_S1003_9,HAS_NOTE
S1003,Note_ED_S1003_10,HAS_NOTE
S1003,Note_ED_S1003_11,HAS_NOTE
S1003,Note_ED_S1003_12,HAS_NOTE
S1003,Note_ED_S1003_13,HAS_NOTE
S1003,Note_ED_S1003_14,HAS_NOTE
S1003,Note_ED_S1003_15,HAS_NOTE
S1003,Note_ED_S1003_16,HAS_NOTE
S1003,Note_ED_S1003_17,HAS_NOTE
S1003,Note_ED_S1003_18,HAS_NOTE
S1003,Note_ED_S1003_19,HAS_NOTE
S1003,Note_ED_S1003_20,HAS_NOTE
S1003,Note_ED_S1003_21,HAS_NOTE
S1003,Note_ED_S1003_22,HAS_NOTE
S1003,Note_ED_S1003_23,HAS_NOTE
S1003,Note_ED_S1003_24,HAS_NOTE
S1003,Note_ED_S1003_25,HAS_NOTE
S1003,Note_DS_S1003_1,HAS_NOTE
S1003,Note_DS_S1003_2,HAS_NOTE
S1003,Note_DS_S1003_3,HAS_NOTE
S1003,Note_DS_S1003_4,HAS_NOTE
S1003,Note_DS_S1003_5,HAS_NOTE
S1003,Note_DS_S1003_6,HAS_NOTE
S1003,Note_DS_S1003_7,HAS_NOTE
S1003,Note_DS_S1003_8,HAS_NOTE
S1003,Note_DS_S1003_9,HAS_NOTE
S1003,Note_DS_S1003_10,HAS_NOTE
S1003,Note_DS_S1003_11,HAS_NOTE
S1003,Note_DS_S1003_12,HAS_NOTE
S1003,Note_DS_S1003_13,HAS_NOTE
S1003,Note_DS_S1003_14,HAS_NOTE
S1003,Note_DS_S1003_15,HAS_NOTE
S1003,Note_DS_S1003_16,HAS_NOTE
S1003,Note_DS_S1003_17,HAS_NOTE
S1003,Note_DS_S1003_18,HAS_NOTE
S1003,Note_DS_S1003_19,HAS_NOTE
S1003,Note_DS_S1003_20,HAS_NOTE
S1003,Note_DS_S1003_21,HAS_NOTE
S1003,Note_DS_S1003_22,HAS_NOTE
S1003,Note_DS_S1003_23,HAS_NOTE
S1003,Note_DS_S1003_24,HAS_NOTE
S1003,Note_DS_S1003_25,HAS_NOTE
S1004,Note_ED_S1004_1,HAS_NOTE
S1004,Note_ED_S1004_2,HAS_NOTE
S1004,Note_ED_S1004_3,HAS_NOTE
S1004,Note_ED_S1004_4,HAS_NOTE
S1004,Note_ED_S1004_5,HAS_NOTE
S1004,Note_ED_S1004_6,HAS_NOTE
S1004,Note_ED_S1004_7,HAS_NOTE
S1004,Note_ED_S1004_8,HAS_NOTE
S1004,Note_ED_S1004_9,HAS_NOTE
S1004,Note_ED_S1004_10,HAS_NOTE
S1004,Note_ED_S1004_11,HAS_NOTE
S1004,Note_ED_S1004_12,HAS_NOTE
S1004,Note_ED_S1004_13,HAS_NOTE
S1004,Note_ED_S1004_14,HAS_NOTE
S1004,Note_ED_S1004_15,HAS_NOTE
S1004,Note_ED_S1004_16,HAS_NOTE
S1004,Note_ED_S1004_17,HAS_NOTE
S1004,Note_ED_S1004_18,HAS_NOTE
S1004,Note_ED_S1004_19,HAS_NOTE
S1004,Note_ED_S1004_20,HAS_NOTE
S1004,Note_ED_S1004_21,HAS_NOTE
S1004,Note_ED_S1004_22,HAS_NOTE
S1004,Note_ED_S1004_23,HAS_NOTE
S1004,Note_ED_S1004_24,HAS_NOTE
S1004,Note_ED_S1004_25,HAS_NOTE
S1004,Note_DS_S1004_1,HAS_NOTE
S1004,Note_DS_S1004_2,HAS_NOTE
S1004,Note_DS_S1004_3,HAS_NOTE
S1004,Note_DS_S1004_4,HAS_NOTE
S1004,Note_DS_S1004_5,HAS_NOTE
S1004,Note_DS_S1004_6,HAS_NOTE
S1004,Note_DS_S1004_7,HAS_NOTE
S1004,Note_DS_S1004_8,HAS_NOTE
S1004,Note_DS_S1004_9,HAS_NOTE
S1004,Note_DS_S1004_10,HAS_NOTE
S1004,Note_DS_S1004_11,HAS_NOTE
S1004,Note_DS_S1004_12,HAS_NOTE
S1004,Note_DS_S1004_13,HAS_NOTE
S1004,Note_DS_S1004_14,HAS_NOTE
S1004,Note_DS_S1004_15,HAS_NOTE
S1004,Note_DS_S1004_16,HAS_NOTE
S1004,Note_DS_S1004_17,HAS_NOTE
S1004,Note_DS_S1004_18,HAS_NOTE
S1004,Note_DS_S1004_19,HAS_NOTE
S1004,Note_DS_S1004_20,HAS_NOTE
S1004,Note_DS_S1004_21,HAS_NOTE
S1004,Note_DS_S1004_22,HAS_NOTE
S1004,Note_DS_S1004_23,HAS_NOTE
S1004,Note_DS_S1004_24,HAS_NOTE
S1004,Note_DS_S1004_25,HAS_NOTE
S1005,Note_ED_S1005_1,HAS_NOTE
S1005,Note_ED_S1005_2,HAS_NOTE
S1005,Note_ED_S1005_3,HAS_NOTE
S1005,Note_ED_S1005_4,HAS_NOTE
S1005,Note_ED_S1005_5,HAS_NOTE
S1005,Note_ED_S1005_6,HAS_NOTE
S1005,Note_ED_S1005_7,HAS_NOTE
S1005,Note_ED_S1005_8,HAS_NOTE
S1005,Note_ED_S1005_9,HAS_NOTE
S1005,Note_ED_S1005_10,HAS_NOTE
S1005,Note_ED_S1005_11,HAS_NOTE
S1005,Note_ED_S1005_12,HAS_NOTE
S1005,Note_ED_S1005_13,HAS_NOTE
S1005,Note_ED_S1005_14,HAS_NOTE
S1005,Note_ED_S1005_15,HAS_NOTE
S1005,Note_ED_S1005_16,HAS_NOTE
S1005,Note_ED_S1005_17,HAS_NOTE
S1005,Note_ED_S1005_18,HAS_NOTE
S1005,Note_ED_S1005_19,HAS_NOTE
S1005,Note_ED_S1005_20,HAS_NOTE
S1005,Note_ED_S1005_21,HAS_NOTE
S1005,Note_ED_S1005_22,HAS_NOTE
S1005,Note_ED_S1005_23,HAS_NOTE
S1005,Note_ED_S1005_24,HAS_NOTE
S1005,Note_ED_S1005_25,HAS_NOTE
S1005,Note_DS_S1005_1,HAS_NOTE
S1005,Note_DS_S1005_2,HAS_NOTE
S1005,Note_DS_S1005_3,HAS_NOTE
S1005,Note_DS_S1005_4,HAS_NOTE
S1005,Note_DS_S1005_5,HAS_NOTE
S1005,Note_DS_S1005_6,HAS_NOTE
S1005,Note_DS_S1005_7,HAS_NOTE
S1005,Note_DS_S1005_8,HAS_NOTE
S1005,Note_DS_S1005_9,HAS_NOTE
S1005,Note_DS_S1005_10,HAS_NOTE
S1005,Note_DS_S1005_11,HAS_NOTE
S1005,Note_DS_S1005_12,HAS_NOTE
S1005,Note_DS_S1005_13,HAS_NOTE
S1005,Note_DS_S1005_14,HAS_NOTE
S1005,Note_DS_S1005_15,HAS_NOTE
S1005,Note_DS_S1005_16,HAS_NOTE
S1005,Note_DS_S1005_17,HAS_NOTE
S1005,Note_DS_S1005_18,HAS_NOTE
S1005,Note_DS_S1005_19,HAS_NOTE
S1005,Note_DS_S1005_20,HAS_NOTE
S1005,Note_DS_S1005_21,HAS_NOTE
S1005,Note_DS_S1005_22,HAS_NOTE
S1005,Note_DS_S1005_23,HAS_NOTE
S1005,Note_DS_S1005_24,HAS_NOTE
S1005,Note_DS_S1005_25,HAS_NOTE
